{"chart": {"_type": "image-file", "sha256": "91938f083258168fff78fc68bb77d747961173648bf1b5457a53b2d10cea09cd", "size": 114292, "path": "media/images/chart_15_91938f083258168fff78.png", "format": "png", "width": 640, "height": 480}, "_timestamp": 1673092145.164844, "_runtime": 15.099297046661377, "_step": 16, "Accuracy on test": 99.78070259094238, "_wandb": {"runtime": 14}}