{"loss": 0.025247639045119286, "_timestamp": 1673014570.59802, "_runtime": 132.36802506446838, "_step": 8459, "_wandb": {"runtime": 135}}