{"batch_loss": 2.4483642578125, "_timestamp": 1673524217.1452968, "_runtime": 40.564098834991455, "_step": 70}